Model,Accuracy,Precision,Recall,F1
Existing: Rule-Based (base-paper style),0.6775,0.6455301620280195,0.6726044584500467,0.615738172360517
Proposed: LSTM (temporal),0.9575,0.9555560802833529,0.9555954326174915,0.9555065597198439
